Name; Article Link;
www.svograntportal.sba.gov; https://www.svograntportal.sba.gov/s/;
www.sba.gov; https://www.sba.gov/business-guide/grow-your-business/get-more-funding;
www.grants.gov; http://grants.gov/;
www.challenge.gov; http://challenge.gov/;
www.grantwatch.com; https://www.grantwatch.com/join-login.php;
www.mwbezone.com; https://www.mwbezone.com/;
www.sbir.gov; https://www.sbir.gov/sbirsearch/solicitation/current;
www.energy.gov; https://www.energy.gov/science/sbir/small-business-innovation-research-and-small-business-technology-transfer;
www.eda.gov; https://www.eda.gov/archives/2016/how-to-apply/;
www.stateincentives.org; http://www.stateincentives.org/about/access/;
www.c2er.org; https://www.c2er.org/about/membership-benefits-and-pricing/;
www.americassbdc.org; https://americassbdc.org/home/find-your-sbdc/;
www.fedex.com; https://www.fedex.com/en-us/small-business/grant-contest.html;
www.smallbusinessgrant.fedex.com; https://smallbusinessgrant.fedex.com/#/rules;
www.usa.visa.com; https://usa.visa.com/visa-everywhere/everywhere-initiative/resource-center.html;
www.youtube.com; https://www.youtube.com/watch?v=5WEwJ-XxN-0&feature=youtu.be;
www.nase.org; https://www.nase.org/Membership/Benefits/Growth_Grants.aspx;
www.patagonia.com; http://www.patagonia.com/grant-guidelines.html;
www.cybergrants.com; http://www.cybergrants.com/pls/cybergrants/quiz.display_question?x_gm_id=2853&x_quiz_id=5928&x_order_by=1;
www.nav.com; https://www.nav.com/business-grant-contest/;
www.eileenfisher.com; https://www.eileenfisher.com/social-consciousness/environmental-justice-grant;
www.ambergrantsforwomen.com; https://ambergrantsforwomen.com/get-an-amber-grant/;
www.rd.usda.gov; https://www.rd.usda.gov/programs-services/programs-services-businesses;
www.streetsharesfoundation.org; https://streetsharesfoundation.org/the-veteran-small-business-award;
www.go.streetshares.com; http://go.streetshares.com/streetshares-foundation-terms-and-conditions;
www.firstnations.org; https://firstnations.org/grantmaking;
www.org2.salsalabs.com; http://org2.salsalabs.com/o/5855/p/salsa/web/common/public/signup?signup_page_KEY=6349&_ga=2.142236151.413779102.1527175814-1763826013.1527175814;
