https://signal.nfx.com/investors/olivia-donatelli; 
https://signal.nfx.com/investors/christine-kim; 
https://signal.nfx.com/investors/stephanie-carter; 
https://signal.nfx.com/investors/douglas-mandic; 
https://signal.nfx.com/investors/turner-novak; 
https://signal.nfx.com/investors/richard-dulude; 
https://signal.nfx.com/investors/thomas-moon; 
https://signal.nfx.com/investors/tigran-sloyan_1; 
https://signal.nfx.com/investors/michael-driscoll; 
https://signal.nfx.com/investors/jonathan-golden; 
https://signal.nfx.com/investors/sarah-tavel; 
https://signal.nfx.com/investors/amir-khan_1; 
https://signal.nfx.com/investors/monica-black; 
https://signal.nfx.com/investors/hiro-tamura; 
https://signal.nfx.com/investors/laura-chau; 
https://signal.nfx.com/investors/delian-asparouhov; 
https://signal.nfx.com/investors/patrick-walsh; 
https://signal.nfx.com/investors/shauli-rejwan; 
https://signal.nfx.com/investors/danny-loschiavo; 
https://signal.nfx.com/investors/elias-torres; 
https://signal.nfx.com/investors/peter-levin_1; 
https://signal.nfx.com/investors/david-miles; 
https://signal.nfx.com/investors/neeraj-gupta; 
https://signal.nfx.com/investors/dave-lambert; 
https://signal.nfx.com/investors/amy-nelson; 
https://signal.nfx.com/investors/rodney-sampson; 
https://signal.nfx.com/investors/mark-castleman; 
https://signal.nfx.com/investors/dina-routhier; 
https://signal.nfx.com/investors/jeff-crusey; 
https://signal.nfx.com/investors/krisztina-z; 
https://signal.nfx.com/investors/jonathan-bruck; 
https://signal.nfx.com/investors/katie-schwartz; 
https://signal.nfx.com/investors/jose-manuel-g-de-rueda; 
https://signal.nfx.com/investors/nicolas-dessaigne; 
https://signal.nfx.com/investors/robert-pease; 
https://signal.nfx.com/investors/sunil-rajaraman; 
https://signal.nfx.com/investors/rana-gujral; 
https://signal.nfx.com/investors/alex-maccaw; 
https://signal.nfx.com/investors/gopi-rangan; 
https://signal.nfx.com/investors/maitree-mervana; 
https://signal.nfx.com/investors/olivia-benjamin; 
https://signal.nfx.com/investors/a-riggsy; 
https://signal.nfx.com/investors/heather-hasson; 
https://signal.nfx.com/investors/stephen-chau; 
https://signal.nfx.com/investors/jen-ard; 
https://signal.nfx.com/investors/brendon-piccinni; 
https://signal.nfx.com/investors/munam-wasi_1; 
https://signal.nfx.com/investors/jeff-crowe; 
https://signal.nfx.com/investors/art-caisse; 
https://signal.nfx.com/investors/david-breger; 
https://signal.nfx.com/investors/kai-gradert; 
https://signal.nfx.com/investors/bong-koh; 
https://signal.nfx.com/investors/wiz; 
https://signal.nfx.com/investors/corentin-macias; 
https://signal.nfx.com/investors/elizabeth-edwards; 
https://signal.nfx.com/investors/andy-mcgibbon; 
https://signal.nfx.com/investors/steve-hyndman; 
https://signal.nfx.com/investors/bobby-goodlatte; 
https://signal.nfx.com/investors/cheryl-campos; 
https://signal.nfx.com/investors/adam-goldberg; 
https://signal.nfx.com/investors/pano-anthos; 
https://signal.nfx.com/investors/andy-fligel; 
https://signal.nfx.com/investors/borys-musielak; 
https://signal.nfx.com/investors/rodrigo-sepulveda; 
https://signal.nfx.com/investors/anu-pathria; 
https://signal.nfx.com/investors/peter-marsh; 
https://signal.nfx.com/investors/matt-bornstein; 
https://signal.nfx.com/investors/trae-vassallo; 
https://signal.nfx.com/investors/binh-tran; 
https://signal.nfx.com/investors/aaron-everhart; 
https://signal.nfx.com/investors/davide-di-cillo; 
https://signal.nfx.com/investors/john-gleeson; 
https://signal.nfx.com/investors/scott-krivokopich; 
https://signal.nfx.com/investors/felipe-abramovay; 
https://signal.nfx.com/investors/abhishek-gupta; 
https://signal.nfx.com/investors/jonathan-macquitty; 
https://signal.nfx.com/investors/luke-pappas; 
https://signal.nfx.com/investors/monica-o-neill; 
https://signal.nfx.com/investors/sandeep-sardana; 
https://signal.nfx.com/investors/ben-werdmuller; 
https://signal.nfx.com/investors/leyla-seka; 
https://signal.nfx.com/investors/shreyansh-singhal; 
https://signal.nfx.com/investors/steven-rosenblatt; 
https://signal.nfx.com/investors/raviraj-jain; 
https://signal.nfx.com/investors/gary-li; 
https://signal.nfx.com/investors/ram-jambunathan; 
https://signal.nfx.com/investors/neha-khera; 
https://signal.nfx.com/investors/tory-patterson; 
https://signal.nfx.com/investors/sanchana-vasikaran; 
https://signal.nfx.com/investors/hannibal-george; 
https://signal.nfx.com/investors/carey-lai; 
https://signal.nfx.com/investors/blake-wu; 
https://signal.nfx.com/investors/will-quist; 
https://signal.nfx.com/investors/graham-carney; 
https://signal.nfx.com/investors/david-rodriguez; 
https://signal.nfx.com/investors/guillaume-cabane; 
https://signal.nfx.com/investors/shlomit-harth; 
https://signal.nfx.com/investors/matt-murphy; 
https://signal.nfx.com/investors/mateusz-kaliski; 
https://signal.nfx.com/investors/zach-gonzales; 
https://signal.nfx.com/investors/ben-cmejla; 
https://signal.nfx.com/investors/amir-shevat; 
https://signal.nfx.com/investors/michael-bloch; 
https://signal.nfx.com/investors/brian-hirsch; 
https://signal.nfx.com/investors/dave-anderson; 
https://signal.nfx.com/investors/matt-clifford; 
https://signal.nfx.com/investors/michael-gilroy; 
https://signal.nfx.com/investors/utsav-somani; 
https://signal.nfx.com/investors/raphael-danilo; 
https://signal.nfx.com/investors/tim-mcadam; 
https://signal.nfx.com/investors/anjney-midha; 
https://signal.nfx.com/investors/alex-kopelyan; 
https://signal.nfx.com/investors/dale-w-wood; 
https://signal.nfx.com/investors/paul-spiller; 
https://signal.nfx.com/investors/peter-sonsini; 
https://signal.nfx.com/investors/douglas-carney; 
https://signal.nfx.com/investors/vuk-djukic; 
https://signal.nfx.com/investors/devdutt-yellurkar; 
https://signal.nfx.com/investors/nir-blumberger; 
https://signal.nfx.com/investors/brian-watson; 
https://signal.nfx.com/investors/david-goldberg; 
https://signal.nfx.com/investors/jacqueline-heard; 
https://signal.nfx.com/investors/luis-hanemann; 
https://signal.nfx.com/investors/wendell-taylor; 
https://signal.nfx.com/investors/dmytro-dvurechenskyi; 
https://signal.nfx.com/investors/moshe-lifschitz; 
https://signal.nfx.com/investors/kulveer-taggar; 
https://signal.nfx.com/investors/nelson-bostrom_1; 
https://signal.nfx.com/investors/hakan-satiroglu_1; 
https://signal.nfx.com/investors/vikram-lakhwara; 
https://signal.nfx.com/investors/wolfgang-beckmann; 
https://signal.nfx.com/investors/shalom-passy; 
https://signal.nfx.com/investors/michael-cheung_1; 
https://signal.nfx.com/investors/jade-lai; 
https://signal.nfx.com/investors/sandhya-hegde; 
https://signal.nfx.com/investors/kaan-anit; 
https://signal.nfx.com/investors/sanjeet-das; 
https://signal.nfx.com/investors/tim-ferriss; 
https://signal.nfx.com/investors/eugene-yi; 
https://signal.nfx.com/investors/sam-yagan; 
https://signal.nfx.com/investors/christopher-gaeta; 
https://signal.nfx.com/investors/angelo-del; 
https://signal.nfx.com/investors/daniel-lloreda; 
https://signal.nfx.com/investors/vivek-mehra; 
https://signal.nfx.com/investors/kristi-choi; 
https://signal.nfx.com/investors/freddie-martignetti; 
https://signal.nfx.com/investors/stephen-xi; 
https://signal.nfx.com/investors/idit-muallem; 
https://signal.nfx.com/investors/rahul-vohra; 
https://signal.nfx.com/investors/carter-weiss; 
https://signal.nfx.com/investors/john-danner; 
https://signal.nfx.com/investors/sean-wright; 
https://signal.nfx.com/investors/joon-cho; 
https://signal.nfx.com/investors/francesca-parini; 
https://signal.nfx.com/investors/trevor-kienzle; 
https://signal.nfx.com/investors/wes-goldstein_2; 
https://signal.nfx.com/investors/alison-rapaport-stillman; 
https://signal.nfx.com/investors/daniel-gulati; 
https://signal.nfx.com/investors/elodie-jamous; 
https://signal.nfx.com/investors/michael-tanne; 
https://signal.nfx.com/investors/preston-noon; 
https://signal.nfx.com/investors/andrew-cleland; 
https://signal.nfx.com/investors/william-barnes; 
https://signal.nfx.com/investors/alicia-lenis; 
https://signal.nfx.com/investors/david-shen; 
https://signal.nfx.com/investors/daniel-dehrey; 
https://signal.nfx.com/investors/josh-kopelman; 
https://signal.nfx.com/investors/scott-wilson; 
https://signal.nfx.com/investors/anthony-soohoo; 
https://signal.nfx.com/investors/monica-desai-weiss-weiss; 
https://signal.nfx.com/investors/ian-taylor_2; 
https://signal.nfx.com/investors/amber-porter; 
https://signal.nfx.com/investors/alex-marshall; 
https://signal.nfx.com/investors/alexander-zhuravlev; 
https://signal.nfx.com/investors/tanya-ma; 
https://signal.nfx.com/investors/scott-weiss_2; 
https://signal.nfx.com/investors/jerry-neumann; 
https://signal.nfx.com/investors/jasmine-topor; 
https://signal.nfx.com/investors/maranda-manning; 
https://signal.nfx.com/investors/josep-ll-sanfeliu; 
https://signal.nfx.com/investors/bertrand-beghin; 
https://signal.nfx.com/investors/greg-neufeld; 
https://signal.nfx.com/investors/oscar-ramos; 
https://signal.nfx.com/investors/pierre-lamond; 
https://signal.nfx.com/investors/caroline-chen; 
https://signal.nfx.com/investors/addison-huneycutt; 
https://signal.nfx.com/investors/beth-ferreira; 
https://signal.nfx.com/investors/rob-leclerc; 
https://signal.nfx.com/investors/whitney-sales; 
https://signal.nfx.com/investors/ron-conway; 
https://signal.nfx.com/investors/brian-ma; 
https://signal.nfx.com/investors/tom-hulme; 
https://signal.nfx.com/investors/kara-weber; 
https://signal.nfx.com/investors/raphael-ouzan; 
https://signal.nfx.com/investors/fred-destin; 
https://signal.nfx.com/investors/supreme-factory; 
https://signal.nfx.com/investors/nishant-karandikar; 
https://signal.nfx.com/investors/carmen-chang; 
https://signal.nfx.com/investors/connor-watumull; 
https://signal.nfx.com/investors/rich-maloy; 
https://signal.nfx.com/investors/kelley-mak; 
https://signal.nfx.com/investors/jared-schulman; 
https://signal.nfx.com/investors/andrew-parker; 
https://signal.nfx.com/investors/beth-engel; 
https://signal.nfx.com/investors/shanti-bergel; 
https://signal.nfx.com/investors/chris-sacca; 
https://signal.nfx.com/investors/julie-liu; 
https://signal.nfx.com/investors/reid-hoffman; 
https://signal.nfx.com/investors/tony-liu; 
https://signal.nfx.com/investors/barry-eggers; 
https://signal.nfx.com/investors/tamar-reshef; 
https://signal.nfx.com/investors/ted-maidenberg; 
https://signal.nfx.com/investors/casber-wang; 
https://signal.nfx.com/investors/kirill-bensonoff; 
https://signal.nfx.com/investors/conor_1; 
https://signal.nfx.com/investors/naithan-jones; 
https://signal.nfx.com/investors/andrew-mitchell; 
https://signal.nfx.com/investors/jason-starr; 
https://signal.nfx.com/investors/ovid-amadi; 
https://signal.nfx.com/investors/tommy-vailas; 
https://signal.nfx.com/investors/james-mertz; 
https://signal.nfx.com/investors/peter-kellner; 
https://signal.nfx.com/investors/bernhard-janke; 
https://signal.nfx.com/investors/guy-weltsch; 
https://signal.nfx.com/investors/jessica-mah; 
https://signal.nfx.com/investors/carl-choi; 
https://signal.nfx.com/investors/josh-coyne; 
https://signal.nfx.com/investors/nihal-maunder_1; 
https://signal.nfx.com/investors/ryan-sweeney; 
https://signal.nfx.com/investors/taimur-sajid; 
https://signal.nfx.com/investors/yi-charlie-cao; 
https://signal.nfx.com/investors/ashish-aggarwal; 
https://signal.nfx.com/investors/chris-messina; 
https://signal.nfx.com/investors/teddy-citrin; 
https://signal.nfx.com/investors/demi-obayomi; 
https://signal.nfx.com/investors/jj-kasper; 
https://signal.nfx.com/investors/todd-deacon; 
https://signal.nfx.com/investors/will-nichols; 
https://signal.nfx.com/investors/esther-tricoche; 
https://signal.nfx.com/investors/eric-ku_3; 
https://signal.nfx.com/investors/roi-carthy; 
https://signal.nfx.com/investors/liron-rose; 
https://signal.nfx.com/investors/alan-cohen; 
https://signal.nfx.com/investors/matthias-tepel; 
https://signal.nfx.com/investors/brett-berson; 
https://signal.nfx.com/investors/zach-bratun-glennon; 
https://signal.nfx.com/investors/deborah-benton; 
https://signal.nfx.com/investors/jessica-vodofsky; 
https://signal.nfx.com/investors/jimmy-zhu; 
https://signal.nfx.com/investors/melissa-lester; 
https://signal.nfx.com/investors/raymond-tonsing; 
https://signal.nfx.com/investors/ali-tamaseb; 
https://signal.nfx.com/investors/nicholas-talarico; 
https://signal.nfx.com/investors/paavan-gami_1; 
https://signal.nfx.com/investors/scott-benson; 
https://signal.nfx.com/investors/jack-kenney; 
https://signal.nfx.com/investors/parul-singh; 
https://signal.nfx.com/investors/tanner-merrill; 
https://signal.nfx.com/investors/vinod-khosla; 
https://signal.nfx.com/investors/eric-risley; 
https://signal.nfx.com/investors/david-beisel; 
https://signal.nfx.com/investors/adam-michela; 
https://signal.nfx.com/investors/sriram-krishnan_2; 
https://signal.nfx.com/investors/dan-altschuler; 
https://signal.nfx.com/investors/josiane-ishimwe; 
https://signal.nfx.com/investors/nick-santillo; 
https://signal.nfx.com/investors/bill-coughran; 
https://signal.nfx.com/investors/jeremy-philips; 
https://signal.nfx.com/investors/brian-rowen; 
https://signal.nfx.com/investors/tyson-clark; 
https://signal.nfx.com/investors/peter-yi; 
https://signal.nfx.com/investors/darcy-howe; 
https://signal.nfx.com/investors/ash-ali; 
https://signal.nfx.com/investors/saam-motamedi; 
https://signal.nfx.com/investors/david-evans; 
https://signal.nfx.com/investors/tammy-camp; 
https://signal.nfx.com/investors/sam-evans; 
https://signal.nfx.com/investors/roelof-botha; 
https://signal.nfx.com/investors/todd-kimmel; 
https://signal.nfx.com/investors/lucy-zhang; 
https://signal.nfx.com/investors/yossi-hasson; 
https://signal.nfx.com/investors/adam-valkin; 
https://signal.nfx.com/investors/ullas-naik; 
https://signal.nfx.com/investors/mike-jung; 
https://signal.nfx.com/investors/brentt-baltimore; 
https://signal.nfx.com/investors/keith-bender; 
https://signal.nfx.com/investors/jeff-flynn; 
https://signal.nfx.com/investors/cody-nystrom; 
https://signal.nfx.com/investors/gustaf-alstromer; 
https://signal.nfx.com/investors/erhai-liu; 
https://signal.nfx.com/investors/chris-chai; 
https://signal.nfx.com/investors/xiao-wang; 
https://signal.nfx.com/investors/tiffine-wang_1; 
https://signal.nfx.com/investors/gonzalo-perez; 
https://signal.nfx.com/investors/ivan-zgomba; 
https://signal.nfx.com/investors/elaine-russell; 
https://signal.nfx.com/investors/mada-seghete; 
https://signal.nfx.com/investors/antoine-colaco; 
https://signal.nfx.com/investors/sumant-mandal_1; 
https://signal.nfx.com/investors/christy-wang; 
https://signal.nfx.com/investors/gordon-chaffee; 
https://signal.nfx.com/investors/allison-kopf; 
https://signal.nfx.com/investors/jennifer-sui; 
https://signal.nfx.com/investors/abdul-ly; 
https://signal.nfx.com/investors/chase-emanuel; 
https://signal.nfx.com/investors/andrew-ogawa; 
https://signal.nfx.com/investors/ben-trumbull; 
https://signal.nfx.com/investors/anish-acharya; 
https://signal.nfx.com/investors/jeff-richards; 
https://signal.nfx.com/investors/allen-zhu; 
https://signal.nfx.com/investors/chris-morales; 
https://signal.nfx.com/investors/jun-deng; 
https://signal.nfx.com/investors/jon-kol; 
https://signal.nfx.com/investors/michael-stark; 
https://signal.nfx.com/investors/akio-tanaka; 
https://signal.nfx.com/investors/brian-vaughan; 
https://signal.nfx.com/investors/ade-olonoh; 
https://signal.nfx.com/investors/matthew-parker_1; 
https://signal.nfx.com/investors/sahil-arora; 
https://signal.nfx.com/investors/nina-achadjian; 
https://signal.nfx.com/investors/james-wu_2; 
https://signal.nfx.com/investors/patrick-chung; 
https://signal.nfx.com/investors/emily-zhen; 
https://signal.nfx.com/investors/kanu-gulati_1; 
https://signal.nfx.com/investors/alex-balkanski; 
https://signal.nfx.com/investors/peter-liu; 
https://signal.nfx.com/investors/mike-maples; 
https://signal.nfx.com/investors/joanna-mcfarland; 
https://signal.nfx.com/investors/ben-blume; 
https://signal.nfx.com/investors/kamran-ansari; 
https://signal.nfx.com/investors/karen-kenworthy; 
https://signal.nfx.com/investors/qi-jia; 
https://signal.nfx.com/investors/kevin-durkin; 
https://signal.nfx.com/investors/tina-he_2; 
https://signal.nfx.com/investors/andrew-ng_2; 
https://signal.nfx.com/investors/matt-huttner; 
https://signal.nfx.com/investors/john-o-farrell; 
https://signal.nfx.com/investors/jared-newman; 
https://signal.nfx.com/investors/yeor-asor; 
https://signal.nfx.com/investors/robert-lair_1; 
https://signal.nfx.com/investors/shelley-zhuang; 
https://signal.nfx.com/investors/jake-seid; 
https://signal.nfx.com/investors/steve-o-hara; 
https://signal.nfx.com/investors/jake-medwell; 
https://signal.nfx.com/investors/matt-huang; 
https://signal.nfx.com/investors/peter-lasinger; 
https://signal.nfx.com/investors/nelson-teng; 
https://signal.nfx.com/investors/carol-gallagher; 
https://signal.nfx.com/investors/howard-xu; 
https://signal.nfx.com/investors/elisabeth-garvin; 
https://signal.nfx.com/investors/richard-kerby; 
https://signal.nfx.com/investors/bruce-dunlevie; 
https://signal.nfx.com/investors/greg-raleigh; 
https://signal.nfx.com/investors/jessica-yi; 
https://signal.nfx.com/investors/luke-byrne; 
https://signal.nfx.com/investors/jim-feuille; 
https://signal.nfx.com/investors/eric-kwan; 
https://signal.nfx.com/investors/christian-lassonde; 
https://signal.nfx.com/investors/tal-morgenstern; 
https://signal.nfx.com/investors/mike-rice; 
https://signal.nfx.com/investors/ramphis-castro; 
https://signal.nfx.com/investors/ryan-bloomer; 
https://signal.nfx.com/investors/ryan-floyd; 
https://signal.nfx.com/investors/tim-roe; 
https://signal.nfx.com/investors/tomasz-swieboda; 
https://signal.nfx.com/investors/crissy-costa; 
https://signal.nfx.com/investors/leura-craig; 
https://signal.nfx.com/investors/michelle-valentine; 
https://signal.nfx.com/investors/julio-vasconcellos; 
https://signal.nfx.com/investors/barry-coffman; 
https://signal.nfx.com/investors/christian-reitberger; 
https://signal.nfx.com/investors/kevin-parakkattu; 
https://signal.nfx.com/investors/andrew-gluck; 
https://signal.nfx.com/investors/jeremy-wertheimer; 
https://signal.nfx.com/investors/parker-mckee; 
https://signal.nfx.com/investors/sarah-leary; 
https://signal.nfx.com/investors/kristina-boras; 
https://signal.nfx.com/investors/mitchel-laskey; 
https://signal.nfx.com/investors/hustle-fund-deals; 
https://signal.nfx.com/investors/stephanie-sirota; 
https://signal.nfx.com/investors/wesley-tang-wymer; 
https://signal.nfx.com/investors/roxy-rong; 
https://signal.nfx.com/investors/ratan-singh; 
https://signal.nfx.com/investors/noah-berkson; 
https://signal.nfx.com/investors/omri-toppol_1; 
https://signal.nfx.com/investors/doug-higgins; 
https://signal.nfx.com/investors/corey-mulloy; 
https://signal.nfx.com/investors/sarah-wang; 
https://signal.nfx.com/investors/drew-leahy; 
https://signal.nfx.com/investors/aaron-webster; 
https://signal.nfx.com/investors/dan-lichtenberg; 
https://signal.nfx.com/investors/kate-murdock; 
https://signal.nfx.com/investors/kiko-lumack_1; 
https://signal.nfx.com/investors/nagraj-kashyap; 
https://signal.nfx.com/investors/ehud-schneorson; 
https://signal.nfx.com/investors/kate-mcandrew; 
https://signal.nfx.com/investors/chad-byers; 
https://signal.nfx.com/investors/deb-kemper; 
https://signal.nfx.com/investors/andrew-miskiewicz; 
https://signal.nfx.com/investors/insurtech-israel; 
https://signal.nfx.com/investors/lily-huang; 
https://signal.nfx.com/investors/ellen-blix; 
https://signal.nfx.com/investors/eric-denovitzer; 
https://signal.nfx.com/investors/chris-alden; 
https://signal.nfx.com/investors/enki-toto; 
https://signal.nfx.com/investors/clay-dumas; 
https://signal.nfx.com/investors/bryan-offutt; 
https://signal.nfx.com/investors/ernst-mannheimer; 
https://signal.nfx.com/investors/ivan-nikkhoo; 
https://signal.nfx.com/investors/soleio; 
https://signal.nfx.com/investors/josh-taub; 
https://signal.nfx.com/investors/caitlin-strandberg; 
https://signal.nfx.com/investors/adrianna-ma; 
https://signal.nfx.com/investors/maria-cirino; 
https://signal.nfx.com/investors/sharif-el-badawi; 
https://signal.nfx.com/investors/nina-kjellson; 
https://signal.nfx.com/investors/jared-weinstein; 
https://signal.nfx.com/investors/kristina-shen; 
https://signal.nfx.com/investors/ruchi-sanghvi; 
https://signal.nfx.com/investors/michael-palank; 
https://signal.nfx.com/investors/tom-medrek; 
https://signal.nfx.com/investors/alexandre-alex-lazarow; 
https://signal.nfx.com/investors/alon-goren; 
https://signal.nfx.com/investors/genevieve-gilbreath_1; 
https://signal.nfx.com/investors/robert-arditi; 
https://signal.nfx.com/investors/nick-tuosto; 
https://signal.nfx.com/investors/pierre-lavaux; 
https://signal.nfx.com/investors/david-kuczek; 
https://signal.nfx.com/investors/chris-strobl; 
https://signal.nfx.com/investors/alessio-fanelli; 
https://signal.nfx.com/investors/rajeev-dham; 
https://signal.nfx.com/investors/andy-cao; 
https://signal.nfx.com/investors/sergey-toporov; 
https://signal.nfx.com/investors/aanand-radia; 
https://signal.nfx.com/investors/dan-kozikowski; 
https://signal.nfx.com/investors/hubert-deitmers; 
https://signal.nfx.com/investors/chetan-puttagunta; 
https://signal.nfx.com/investors/rickey-yao; 
https://signal.nfx.com/investors/brent-ahrens; 
https://signal.nfx.com/investors/tess-hatch; 
https://signal.nfx.com/investors/clay-fisher; 
https://signal.nfx.com/investors/brad-burnham; 
https://signal.nfx.com/investors/bruno-cremel; 
https://signal.nfx.com/investors/stephen-sikes; 
https://signal.nfx.com/investors/jack-moshkovich; 
https://signal.nfx.com/investors/yohei-nakajima; 
https://signal.nfx.com/investors/sarah-nockel; 
https://signal.nfx.com/investors/rebecca-kaden; 
https://signal.nfx.com/investors/patrick-gallagher; 
https://signal.nfx.com/investors/mustafa-kamal; 
https://signal.nfx.com/investors/guimar-vaca-sittic; 
https://signal.nfx.com/investors/darshan-somashekar; 
https://signal.nfx.com/investors/shitian-li; 
https://signal.nfx.com/investors/michael-gruen; 
https://signal.nfx.com/investors/stefano-bernardi; 
https://signal.nfx.com/investors/kathryn-reddy; 
https://signal.nfx.com/investors/cristian-olea; 
https://signal.nfx.com/investors/michael-mahan_1; 
https://signal.nfx.com/investors/pavel-danilov; 
https://signal.nfx.com/investors/ginger-rothrock; 
https://signal.nfx.com/investors/john-elton; 
https://signal.nfx.com/investors/kathryn-minshew; 
https://signal.nfx.com/investors/siri-srinivas; 
https://signal.nfx.com/investors/mark-lurie; 
https://signal.nfx.com/investors/brett-fink; 
https://signal.nfx.com/investors/kevin-rose; 
https://signal.nfx.com/investors/henri-deshays; 
https://signal.nfx.com/investors/stephen-gallant; 
https://signal.nfx.com/investors/lindsay-sharma; 
https://signal.nfx.com/investors/chris-pinel; 
https://signal.nfx.com/investors/mark-cuban; 
https://signal.nfx.com/investors/marie-raichvarg; 
https://signal.nfx.com/investors/marcin-szelag; 
https://signal.nfx.com/investors/andy-theronier; 
https://signal.nfx.com/investors/jason-jacobs; 
https://signal.nfx.com/investors/allison-barr-allen; 
https://signal.nfx.com/investors/chris-evdemon_2; 
https://signal.nfx.com/investors/leore-avidar; 
https://signal.nfx.com/investors/jason-warner; 
https://signal.nfx.com/investors/nasir-ali; 
https://signal.nfx.com/investors/andrew-ermogenous; 
https://signal.nfx.com/investors/sven-de-cleyn; 
https://signal.nfx.com/investors/fady-saad_1; 
https://signal.nfx.com/investors/david-wu; 
https://signal.nfx.com/investors/david-ulevitch; 
https://signal.nfx.com/investors/blake-koriath; 
https://signal.nfx.com/investors/lee-bouyea_2; 
https://signal.nfx.com/investors/brian-yormak; 
https://signal.nfx.com/investors/alain-gavin; 
https://signal.nfx.com/investors/jonathan-hua_1; 
https://signal.nfx.com/investors/justin-mateen; 
https://signal.nfx.com/investors/todd-jackson; 
https://signal.nfx.com/investors/nabil-mallick; 
https://signal.nfx.com/investors/staffan-helgesson; 
https://signal.nfx.com/investors/wen-hsieh; 
https://signal.nfx.com/investors/andrew-j-scott; 
https://signal.nfx.com/investors/kevin-siskar; 
https://signal.nfx.com/investors/robert-mittendorff; 
https://signal.nfx.com/investors/steven-spurlock; 
https://signal.nfx.com/investors/lance-dietz; 
https://signal.nfx.com/investors/trina-van-pelt; 
https://signal.nfx.com/investors/josh-buckley; 
https://signal.nfx.com/investors/diana-moldavsky; 
https://signal.nfx.com/investors/keith-rosema; 
https://signal.nfx.com/investors/jonah-goodhart; 
https://signal.nfx.com/investors/john-vecchio; 
https://signal.nfx.com/investors/yaniv-jacobi; 
https://signal.nfx.com/investors/maxim-ksenofontov; 
https://signal.nfx.com/investors/villi-iltchev; 
https://signal.nfx.com/investors/mohan-reddy; 
https://signal.nfx.com/investors/ray-ko; 
https://signal.nfx.com/investors/brian-byun; 
https://signal.nfx.com/investors/kyra-durko_1; 
https://signal.nfx.com/investors/ravi-viswanathan; 
https://signal.nfx.com/investors/kevin-ober; 
https://signal.nfx.com/investors/katelyn-donnelly; 
https://signal.nfx.com/investors/sarah-guo; 
https://signal.nfx.com/investors/tobi-coker; 
https://signal.nfx.com/investors/kneeland-youngblood; 
https://signal.nfx.com/investors/tim-thimmaiah_1; 
https://signal.nfx.com/investors/ryan-orley; 
https://signal.nfx.com/investors/fay-hazaveh; 
https://signal.nfx.com/investors/david-zhang; 
https://signal.nfx.com/investors/helen-zelman-boniske; 
https://signal.nfx.com/investors/salil-deshpande; 
https://signal.nfx.com/investors/graham-spencer; 
https://signal.nfx.com/investors/sean-flynn; 
https://signal.nfx.com/investors/martyn-eeles; 
https://signal.nfx.com/investors/terri-burns; 
https://signal.nfx.com/investors/hila-klein; 
https://signal.nfx.com/investors/laurent-parmentier; 
https://signal.nfx.com/investors/eugenio-gonzalez-de-pena; 
https://signal.nfx.com/investors/doug-pepper; 
https://signal.nfx.com/investors/dan-myers; 
https://signal.nfx.com/investors/thomas-babcock; 
https://signal.nfx.com/investors/george-zachary; 
https://signal.nfx.com/investors/jason-stoffer_1; 
https://signal.nfx.com/investors/bob-struble; 
https://signal.nfx.com/investors/marco-zappacosta; 
https://signal.nfx.com/investors/mckeever-mac-conwell; 
https://signal.nfx.com/investors/justin-dawkins; 
https://signal.nfx.com/investors/james-kim; 
https://signal.nfx.com/investors/jill-carlson; 
https://signal.nfx.com/investors/arjun-chopra; 
https://signal.nfx.com/investors/zach-klein; 
https://signal.nfx.com/investors/alice-brooks; 
https://signal.nfx.com/investors/alexis-houssou; 
https://signal.nfx.com/investors/nathan-sexer; 
https://signal.nfx.com/investors/addie-lerner; 
https://signal.nfx.com/investors/john-prendergass; 
https://signal.nfx.com/investors/melissa-grillo-aruz; 
https://signal.nfx.com/investors/chris-yin; 
https://signal.nfx.com/investors/malcolm-ong; 
https://signal.nfx.com/investors/scott-kupor; 
https://signal.nfx.com/investors/anton-fedorov_1; 
https://signal.nfx.com/investors/connor-davidson; 
https://signal.nfx.com/investors/luke-nosek; 
https://signal.nfx.com/investors/luan-lam; 
https://signal.nfx.com/investors/dave-kashen_1; 
https://signal.nfx.com/investors/martin-pustilnick; 
https://signal.nfx.com/investors/evan-zimmerman; 
https://signal.nfx.com/investors/ellen-levy; 
https://signal.nfx.com/investors/malcolm-ferguson; 
https://signal.nfx.com/investors/eli-nir; 
https://signal.nfx.com/investors/bethany-tsui; 
https://signal.nfx.com/investors/john-drew; 
https://signal.nfx.com/investors/dr-regina-hodits; 
https://signal.nfx.com/investors/apoorva-pandhi; 
https://signal.nfx.com/investors/arun-chetty; 
https://signal.nfx.com/investors/andrew-schoen; 
https://signal.nfx.com/investors/michael-egziabher; 
https://signal.nfx.com/investors/mariana-mihalusova; 
https://signal.nfx.com/investors/jeff-brody; 
https://signal.nfx.com/investors/ben-davenport; 
https://signal.nfx.com/investors/nate-niparko; 
https://signal.nfx.com/investors/vijay-chattha; 
https://signal.nfx.com/investors/julie-mikuta; 
https://signal.nfx.com/investors/josef-feldman; 
https://signal.nfx.com/investors/michelle-bailhe; 
https://signal.nfx.com/investors/nate-wang; 
https://signal.nfx.com/investors/clint-chao; 
https://signal.nfx.com/investors/ha-nguyen_1; 
https://signal.nfx.com/investors/jerry-yang_1; 
https://signal.nfx.com/investors/vineeta-agarwala; 
https://signal.nfx.com/investors/julie-kainz_1; 
https://signal.nfx.com/investors/alexander-gorgoni; 
https://signal.nfx.com/investors/scott-sandell; 
https://signal.nfx.com/investors/alice-deng; 
https://signal.nfx.com/investors/sarah-hodges; 
https://signal.nfx.com/investors/stephanie-zhan; 
https://signal.nfx.com/investors/chris-arsenault; 
https://signal.nfx.com/investors/cornel-chiriac; 
https://signal.nfx.com/investors/lior-prosor; 
https://signal.nfx.com/investors/john-gianakopoulos; 
https://signal.nfx.com/investors/noreen-brar; 
https://signal.nfx.com/investors/andrew-braccia; 
https://signal.nfx.com/investors/aldo-manzini; 
https://signal.nfx.com/investors/manan-mehta; 
https://signal.nfx.com/investors/jeff-pomeranz; 
https://signal.nfx.com/investors/paul-sabo; 
https://signal.nfx.com/investors/lars-johansson; 
https://signal.nfx.com/investors/bill-maris; 
https://signal.nfx.com/investors/jeff-carmody; 
https://signal.nfx.com/investors/arielle-zuckerberg; 
https://signal.nfx.com/investors/lydia-green; 
https://signal.nfx.com/investors/dylan-reid; 
https://signal.nfx.com/investors/billy-draper; 
https://signal.nfx.com/investors/alaina-hartley; 
https://signal.nfx.com/investors/matt-heiman; 
https://signal.nfx.com/investors/dan-lynch; 
https://signal.nfx.com/investors/phin-barnes; 
https://signal.nfx.com/investors/ali-partovi; 
https://signal.nfx.com/investors/selina-tobaccowala; 
https://signal.nfx.com/investors/peter-svennilson; 
https://signal.nfx.com/investors/clay-whitehead; 
https://signal.nfx.com/investors/yousuf-khan; 
https://signal.nfx.com/investors/ben-gilbert; 
https://signal.nfx.com/investors/sep-alavi; 
https://signal.nfx.com/investors/pierre-schurmann; 
https://signal.nfx.com/investors/david-e-weekly; 
https://signal.nfx.com/investors/adam-besvinick; 
https://signal.nfx.com/investors/pippa-lamb; 
https://signal.nfx.com/investors/inbal-shenfeld-kolodziejska; 
https://signal.nfx.com/investors/kiersten-stead; 
https://signal.nfx.com/investors/nir-dremer; 
https://signal.nfx.com/investors/nat-clarkson; 
https://signal.nfx.com/investors/ilya-fushman; 
https://signal.nfx.com/investors/keegan-simzer; 
https://signal.nfx.com/investors/kira-noodleman; 
https://signal.nfx.com/investors/ross-kinkade; 
https://signal.nfx.com/investors/nikita-yavtushenko; 
https://signal.nfx.com/investors/gaurav-ahuja; 
https://signal.nfx.com/investors/royi-benyossef; 
https://signal.nfx.com/investors/milan-vojicic; 
https://signal.nfx.com/investors/bucky-moore; 
https://signal.nfx.com/investors/dan-fleischmann; 
https://signal.nfx.com/investors/allen-beasley; 
https://signal.nfx.com/investors/matt-tillman; 
https://signal.nfx.com/investors/bill-irvine; 
https://signal.nfx.com/investors/patrick-chase_1; 
https://signal.nfx.com/investors/alireza-masrour; 
https://signal.nfx.com/investors/alexis-ohanian; 
https://signal.nfx.com/investors/varun-srinivasan; 
https://signal.nfx.com/investors/henry-chen-weinstein; 
https://signal.nfx.com/investors/spencer-punter; 
https://signal.nfx.com/investors/james-hottensen; 
https://signal.nfx.com/investors/connor-williams; 
https://signal.nfx.com/investors/adam-benayoun; 
https://signal.nfx.com/investors/bart-macdonald; 
https://signal.nfx.com/investors/ronen-nir; 
https://signal.nfx.com/investors/mitra-lohrasbpour; 
https://signal.nfx.com/investors/eric-ramos; 
https://signal.nfx.com/investors/anna-barber; 
https://signal.nfx.com/investors/nandu-anilal; 
https://signal.nfx.com/investors/connor-regan; 
https://signal.nfx.com/investors/kelly-graziadei; 
https://signal.nfx.com/investors/jillian-manus; 
https://signal.nfx.com/investors/talia-goldberg; 
https://signal.nfx.com/investors/andrew-badr; 
https://signal.nfx.com/investors/paul-sethi; 
https://signal.nfx.com/investors/jeff-maters; 
https://signal.nfx.com/investors/ben-haltmaier; 
https://signal.nfx.com/investors/marcus-e; 
https://signal.nfx.com/investors/jyoti-bansal; 
https://signal.nfx.com/investors/tejas-maniar; 
https://signal.nfx.com/investors/margaret-collins; 
https://signal.nfx.com/investors/dan-roselli; 
https://signal.nfx.com/investors/jon-broscious; 
https://signal.nfx.com/investors/eugenio-gonzalez; 
https://signal.nfx.com/investors/yaniv-golan; 
https://signal.nfx.com/investors/amit-singhal; 
https://signal.nfx.com/investors/claudine-emeott; 
https://signal.nfx.com/investors/julian-sevillano_1; 
https://signal.nfx.com/investors/taylor-greene; 
https://signal.nfx.com/investors/jonathan-axelrod; 
https://signal.nfx.com/investors/erick-watson; 
https://signal.nfx.com/investors/clair-byrd; 
https://signal.nfx.com/investors/rainer-maerkle; 
https://signal.nfx.com/investors/richard-segal; 
https://signal.nfx.com/investors/cylus-watson; 
https://signal.nfx.com/investors/taylor-barada; 
https://signal.nfx.com/investors/karen-wagner; 
https://signal.nfx.com/investors/zachary-aarons; 
https://signal.nfx.com/investors/tak-cheung; 
https://signal.nfx.com/investors/jake-chapman; 
https://signal.nfx.com/investors/caryn-marooney; 
https://signal.nfx.com/investors/xiang-gao; 
https://signal.nfx.com/investors/mable-jiang; 
https://signal.nfx.com/investors/paul-heydon; 
https://signal.nfx.com/investors/andy-vitus; 
https://signal.nfx.com/investors/nathan-pierotti; 
https://signal.nfx.com/investors/shripriya-mahesh; 
https://signal.nfx.com/investors/adina-tecklu; 
https://signal.nfx.com/investors/jay-gopalan; 
https://signal.nfx.com/investors/bryan-wu; 
https://signal.nfx.com/investors/jennifer-wu; 
https://signal.nfx.com/investors/matthew-brimer; 
https://signal.nfx.com/investors/anna-grigoryeva; 
https://signal.nfx.com/investors/alex-finkelstein; 
https://signal.nfx.com/investors/rob-mccall; 
https://signal.nfx.com/investors/bryan-finnerty; 
https://signal.nfx.com/investors/amrit-saxena; 
https://signal.nfx.com/investors/shawn-xu; 
https://signal.nfx.com/investors/hiro-nozawa; 
https://signal.nfx.com/investors/john-stokes; 
https://signal.nfx.com/investors/samuel-harrison; 
https://signal.nfx.com/investors/warren-weiss; 
https://signal.nfx.com/investors/george-lambeth; 
https://signal.nfx.com/investors/peter-boyce-ii; 
https://signal.nfx.com/investors/kindle-van-linge; 
https://signal.nfx.com/investors/mikhail-kalashnikov; 
https://signal.nfx.com/investors/mitch-lasky; 
https://signal.nfx.com/investors/clifford-sobel; 
https://signal.nfx.com/investors/brian-jacobs_1; 
https://signal.nfx.com/investors/kelsey-maguire; 
https://signal.nfx.com/investors/amanda-joseph; 
https://signal.nfx.com/investors/sundeep-ahuja; 
https://signal.nfx.com/investors/marcelino-pantoja; 
https://signal.nfx.com/investors/bennett-carroccio; 
https://signal.nfx.com/investors/casey-aylward; 
https://signal.nfx.com/investors/miles-dowling; 
https://signal.nfx.com/investors/neal-o-hara; 
https://signal.nfx.com/investors/andreas-haug; 
https://signal.nfx.com/investors/alex-rodriguez_2; 
https://signal.nfx.com/investors/nikita-gerts; 
https://signal.nfx.com/investors/lindsay-karas; 
https://signal.nfx.com/investors/ethan-daly; 
https://signal.nfx.com/investors/charles-smith; 
https://signal.nfx.com/investors/enrico-pandian; 
https://signal.nfx.com/investors/sigal-mandelker; 
https://signal.nfx.com/investors/david-roebuck; 
https://signal.nfx.com/investors/david-cowan; 
https://signal.nfx.com/investors/amit-sharma; 
https://signal.nfx.com/investors/brendan-dickinson; 
https://signal.nfx.com/investors/minal-hasan; 
https://signal.nfx.com/investors/isaac-hillel; 
https://signal.nfx.com/investors/ali-jamal; 
https://signal.nfx.com/investors/david-marcus; 
https://signal.nfx.com/investors/julien-taylor; 
https://signal.nfx.com/investors/kevin-spain; 
https://signal.nfx.com/investors/david-chiang; 
https://signal.nfx.com/investors/eric-riesenberg; 
https://signal.nfx.com/investors/noura-liben; 
https://signal.nfx.com/investors/carlos-jesena; 
https://signal.nfx.com/investors/curt-sigfstead; 
https://signal.nfx.com/investors/aviad-ariel; 
https://signal.nfx.com/investors/adam-krongold; 
https://signal.nfx.com/investors/jenny-lee; 
https://signal.nfx.com/investors/robbie-horwitz; 
https://signal.nfx.com/investors/nicolas-denjoy_2; 
https://signal.nfx.com/investors/angela-jackson; 
https://signal.nfx.com/investors/phil-boyer; 
https://signal.nfx.com/investors/eric-bahn; 
https://signal.nfx.com/investors/robert-abbott; 
https://signal.nfx.com/investors/dan-forootan; 
https://signal.nfx.com/investors/ash-barot; 
https://signal.nfx.com/investors/gillian-munson; 
https://signal.nfx.com/investors/toni-schneider; 
https://signal.nfx.com/investors/mike-mccormick; 
https://signal.nfx.com/investors/omer-schneider; 
https://signal.nfx.com/investors/vishal-lugani; 
https://signal.nfx.com/investors/nimish-shah; 
https://signal.nfx.com/investors/beatrizcctv; 
https://signal.nfx.com/investors/tyler-mayoras; 
https://signal.nfx.com/investors/allyson-kapin; 
https://signal.nfx.com/investors/clinton-foy; 
https://signal.nfx.com/investors/constance-freedman; 
https://signal.nfx.com/investors/michael-aronson; 
https://signal.nfx.com/investors/brian-ascher; 
https://signal.nfx.com/investors/jeff-davison; 
https://signal.nfx.com/investors/kyle-kurpinski; 
https://signal.nfx.com/investors/jean-patrice-anciaux; 
https://signal.nfx.com/investors/ashu-garg; 
https://signal.nfx.com/investors/shahin-farshchi; 
https://signal.nfx.com/investors/chun-xia; 
https://signal.nfx.com/investors/mike-vernal; 
https://signal.nfx.com/investors/lucy-guo_1; 
https://signal.nfx.com/investors/voja-lalich; 
https://signal.nfx.com/investors/tidjane-deme; 
https://signal.nfx.com/investors/samara-hernandez; 
https://signal.nfx.com/investors/ho-nam; 
https://signal.nfx.com/investors/laura-yao; 
https://signal.nfx.com/investors/kais-khimji; 
https://signal.nfx.com/investors/courtney-favreau; 
https://signal.nfx.com/investors/jeremy-levine; 
https://signal.nfx.com/investors/allison-pickens; 
https://signal.nfx.com/investors/brandon-christie; 
https://signal.nfx.com/investors/michael-panesis; 
https://signal.nfx.com/investors/kiyoko-osone; 
https://signal.nfx.com/investors/david-grayzel; 
https://signal.nfx.com/investors/joe-blundo; 
https://signal.nfx.com/investors/sergey-safronov; 
https://signal.nfx.com/investors/michael-morgenstern; 
https://signal.nfx.com/investors/reshma-khilnani; 
https://signal.nfx.com/investors/alex-kahn; 
https://signal.nfx.com/investors/javier-sloninsky; 
https://signal.nfx.com/investors/elise-tan_1; 
https://signal.nfx.com/investors/elizabeth-galbut; 
https://signal.nfx.com/investors/ismail-sincik; 
https://signal.nfx.com/investors/sunil-sanghavi; 
https://signal.nfx.com/investors/olamide-adeosun; 
https://signal.nfx.com/investors/griffin-johnson; 
https://signal.nfx.com/investors/evan-mintz; 
https://signal.nfx.com/investors/charles-horner; 
https://signal.nfx.com/investors/marc-bouchet; 
https://signal.nfx.com/investors/adie-akuffo-afful; 
https://signal.nfx.com/investors/elizabeth-de-saint-aignan; 
https://signal.nfx.com/investors/brandon-brooks; 
https://signal.nfx.com/investors/mark-denino; 
https://signal.nfx.com/investors/bob-mason; 
https://signal.nfx.com/investors/jeff-carter; 
https://signal.nfx.com/investors/neil-kapur; 
https://signal.nfx.com/investors/clarey-zhu; 
https://signal.nfx.com/investors/dana-wright; 
https://signal.nfx.com/investors/noah-glass; 
https://signal.nfx.com/investors/charles-svirk; 
https://signal.nfx.com/investors/james-currier; 
https://signal.nfx.com/investors/steven-krein; 
https://signal.nfx.com/investors/ahmed-elkalla; 
https://signal.nfx.com/investors/amy-bohutinsky; 
https://signal.nfx.com/investors/fausto-boni; 
https://signal.nfx.com/investors/karolina-wojtas; 
https://signal.nfx.com/investors/adam-draper; 
https://signal.nfx.com/investors/allen-preger; 
https://signal.nfx.com/investors/m-g-siegler; 
https://signal.nfx.com/investors/jeffrey-silverman; 
https://signal.nfx.com/investors/henrik-jones; 
https://signal.nfx.com/investors/kouki-harasaki; 
https://signal.nfx.com/investors/roy-learner; 
https://signal.nfx.com/investors/marcus-ademola; 
https://signal.nfx.com/investors/john-helm; 
https://signal.nfx.com/investors/josh-goldman; 
https://signal.nfx.com/investors/chris-liu; 
https://signal.nfx.com/investors/alexander-lloyd; 
https://signal.nfx.com/investors/nenad-marovac; 
https://signal.nfx.com/investors/brian-mehler; 
https://signal.nfx.com/investors/matt-fates; 
https://signal.nfx.com/investors/corey-pigott; 
https://signal.nfx.com/investors/daniel-kaplan; 
https://signal.nfx.com/investors/chris-tullar; 
https://signal.nfx.com/investors/trina-spear; 
https://signal.nfx.com/investors/avi-rosenbaum; 
https://signal.nfx.com/investors/tejinder-gill; 
https://signal.nfx.com/investors/santiago-zavala; 
https://signal.nfx.com/investors/arijana-walcott; 
https://signal.nfx.com/investors/ezra-galston; 
https://signal.nfx.com/investors/chien-yu; 
https://signal.nfx.com/investors/assaf-mansour; 
https://signal.nfx.com/investors/brook-bisrat; 
https://signal.nfx.com/investors/andreas-mihalovits; 
https://signal.nfx.com/investors/lee-linden; 
https://signal.nfx.com/investors/christopher-langford; 
https://signal.nfx.com/investors/yoni-cheifetz; 
https://signal.nfx.com/investors/karl-alomar; 
https://signal.nfx.com/investors/alex-rampell; 
https://signal.nfx.com/investors/justin-kao_1; 
https://signal.nfx.com/investors/andrew-lee_1; 
https://signal.nfx.com/investors/lucas-swisher; 
https://signal.nfx.com/investors/vibhor-rastogi; 
https://signal.nfx.com/investors/ravi-mohan; 
https://signal.nfx.com/investors/jin-tanaka_1; 
https://signal.nfx.com/investors/brinda-doshi_1; 
https://signal.nfx.com/investors/paul-willard; 
https://signal.nfx.com/investors/or-offer; 
https://signal.nfx.com/investors/haomiao-huang; 
https://signal.nfx.com/investors/dave-a-salvant; 
https://signal.nfx.com/investors/lisa-xu_1; 
https://signal.nfx.com/investors/zhong-liu-michael-fan; 
https://signal.nfx.com/investors/ed-fries; 
https://signal.nfx.com/investors/vivek-patel; 
https://signal.nfx.com/investors/khalid-alnasser_1; 
https://signal.nfx.com/investors/joe-bond; 
https://signal.nfx.com/investors/michael-jeon; 
https://signal.nfx.com/investors/jason-destigter; 
https://signal.nfx.com/investors/deepak-kamra; 
https://signal.nfx.com/investors/jesse-robbins; 
https://signal.nfx.com/investors/tom-seo; 
https://signal.nfx.com/investors/tony-conrad; 
https://signal.nfx.com/investors/ozge-oz; 
https://signal.nfx.com/investors/jon-sakoda; 
https://signal.nfx.com/investors/michael-tam; 
https://signal.nfx.com/investors/jeffrey-lu_1; 
https://signal.nfx.com/investors/sarah-wu; 
https://signal.nfx.com/investors/david-gabeau; 
https://signal.nfx.com/investors/heather-widman; 
https://signal.nfx.com/investors/diogo-myrrha; 
https://signal.nfx.com/investors/peter-van-vlasselaer; 
https://signal.nfx.com/investors/sonya-huang; 
https://signal.nfx.com/investors/harry-hamer; 
https://signal.nfx.com/investors/benno-jering; 
https://signal.nfx.com/investors/reilly-brennan_1; 
https://signal.nfx.com/investors/martin-renkis; 
https://signal.nfx.com/investors/mark-sugarman; 
https://signal.nfx.com/investors/j-skyler-fernandes_1; 
https://signal.nfx.com/investors/peter-xu; 
https://signal.nfx.com/investors/arun-penmetsa; 
https://signal.nfx.com/investors/ernesto-paiz; 
https://signal.nfx.com/investors/aaron-ford; 
https://signal.nfx.com/investors/thomson-nguyen; 
https://signal.nfx.com/investors/michael-moritz; 
https://signal.nfx.com/investors/kevin-zhang; 
https://signal.nfx.com/investors/david-silverman; 
https://signal.nfx.com/investors/lo-toney; 
https://signal.nfx.com/investors/kristian-aartun; 
https://signal.nfx.com/investors/melissa-moore; 
https://signal.nfx.com/investors/gerald-parloiu; 
https://signal.nfx.com/investors/sunwoo-lee; 
https://signal.nfx.com/investors/sharla-grass; 
https://signal.nfx.com/investors/john-o-brien_1; 
https://signal.nfx.com/investors/bill-helman; 
https://signal.nfx.com/investors/jonathan-hsu; 
https://signal.nfx.com/investors/benjamin-savage; 
https://signal.nfx.com/investors/steve-schlenker; 
https://signal.nfx.com/investors/lynne-chou-o-keefe; 
https://signal.nfx.com/investors/lisa-calhoun; 
https://signal.nfx.com/investors/jeremy-fox_1; 
https://signal.nfx.com/investors/venky-karnam; 
https://signal.nfx.com/investors/precious-drew; 
https://signal.nfx.com/investors/ping-li; 
https://signal.nfx.com/investors/eric-futoran_2; 
https://signal.nfx.com/investors/luca-ascani; 
https://signal.nfx.com/investors/mir-faiyaz; 
https://signal.nfx.com/investors/julie-yoo; 
https://signal.nfx.com/investors/gregg-smith; 
https://signal.nfx.com/investors/eric-young; 
https://signal.nfx.com/investors/brad-svrluga; 
https://signal.nfx.com/investors/zach-dewitt; 
https://signal.nfx.com/investors/nyasha-samhembere; 
https://signal.nfx.com/investors/mark-stoner_1; 
https://signal.nfx.com/investors/megan-ananian; 
https://signal.nfx.com/investors/erez-ofer; 
https://signal.nfx.com/investors/brittany-walker; 
https://signal.nfx.com/investors/sabera-loughran; 
https://signal.nfx.com/investors/keith-petri; 
https://signal.nfx.com/investors/secil-altintas; 
https://signal.nfx.com/investors/sarah-catanzaro; 
https://signal.nfx.com/investors/jeff-stowell; 
https://signal.nfx.com/investors/doug-camplejohn; 
https://signal.nfx.com/investors/sharran-deora; 
https://signal.nfx.com/investors/eric-friedman; 
https://signal.nfx.com/investors/gaurav-gupta; 
https://signal.nfx.com/investors/alex-chachava; 
https://signal.nfx.com/investors/catherine-lu; 
https://signal.nfx.com/investors/jorge-garate; 
https://signal.nfx.com/investors/charles-king; 
https://signal.nfx.com/investors/alexandre-scialom; 
https://signal.nfx.com/investors/david-cheng_2; 
https://signal.nfx.com/investors/ryan-walsh; 
https://signal.nfx.com/investors/anand-chandrasekaran; 
https://signal.nfx.com/investors/will-prendergast; 
https://signal.nfx.com/investors/kunal-sethi; 
https://signal.nfx.com/investors/mark-selcow; 
https://signal.nfx.com/investors/rohit-krishnan; 
https://signal.nfx.com/investors/raj-sandhu; 
https://signal.nfx.com/investors/juan-abundes; 
https://signal.nfx.com/investors/hari-raghavan; 
https://signal.nfx.com/investors/jonathan-abrams; 
https://signal.nfx.com/investors/nate-quinn; 
https://signal.nfx.com/investors/tim-chang; 
https://signal.nfx.com/investors/simone-zinanni; 
https://signal.nfx.com/investors/zach-weinberg; 
https://signal.nfx.com/investors/alex-mittal; 
https://signal.nfx.com/investors/denise-peng; 
https://signal.nfx.com/investors/semil-shah; 
https://signal.nfx.com/investors/roger-dickey; 
https://signal.nfx.com/investors/scott-sobel; 
https://signal.nfx.com/investors/elyse-kent; 
https://signal.nfx.com/investors/ian-chiu; 
https://signal.nfx.com/investors/rich-boyle; 
https://signal.nfx.com/investors/vanessa-hallik; 
https://signal.nfx.com/investors/zeev-binman; 
https://signal.nfx.com/investors/alejandra-calvo; 
https://signal.nfx.com/investors/julia-stiglitz; 
https://signal.nfx.com/investors/omri-benayoun; 
https://signal.nfx.com/investors/gaurav-manglik; 
https://signal.nfx.com/investors/josep-a-aliagas; 
https://signal.nfx.com/investors/jay-reinemann; 
https://signal.nfx.com/investors/alessandro-vigilante; 
https://signal.nfx.com/investors/jim-andelman; 
https://signal.nfx.com/investors/will-thomsen; 
https://signal.nfx.com/investors/srini-ananth; 
https://signal.nfx.com/investors/britt-danneman; 
https://signal.nfx.com/investors/rumeer-keshwani; 
https://signal.nfx.com/investors/robert-wang; 
https://signal.nfx.com/investors/misha-gordon-rowe; 
https://signal.nfx.com/investors/madhu-yalamarthi; 
https://signal.nfx.com/investors/nico-berardi; 
https://signal.nfx.com/investors/denis-efremov; 
https://signal.nfx.com/investors/ryan-larcom_1; 
https://signal.nfx.com/investors/brad-holden; 
https://signal.nfx.com/investors/gale-wilkinson; 
https://signal.nfx.com/investors/amanda-robson; 
https://signal.nfx.com/investors/daniel-tully; 
https://signal.nfx.com/investors/jonathan-wallace; 
https://signal.nfx.com/investors/jon-zaikowski_1; 
https://signal.nfx.com/investors/thomas-gieselmann; 
https://signal.nfx.com/investors/brian-matthews_1; 
https://signal.nfx.com/investors/tal-keinan; 
https://signal.nfx.com/investors/chris-zeoli; 
https://signal.nfx.com/investors/norman-humphrey; 
https://signal.nfx.com/investors/aaron-mankovski; 
https://signal.nfx.com/investors/steven-tamm; 
https://signal.nfx.com/investors/maarten-goossens_1; 
https://signal.nfx.com/investors/timoni-west; 
https://signal.nfx.com/investors/david-cahn; 
https://signal.nfx.com/investors/peter-steinberg; 
https://signal.nfx.com/investors/julie-zhuo; 
https://signal.nfx.com/investors/lisa-wehden; 
https://signal.nfx.com/investors/gianluca-dettori; 
https://signal.nfx.com/investors/kevin-fong; 
https://signal.nfx.com/investors/sterling-kirk; 
https://signal.nfx.com/investors/guilherme-penna; 
https://signal.nfx.com/investors/claire-lecarpentier; 
https://signal.nfx.com/investors/matt-bogrand; 
https://signal.nfx.com/investors/david-goeddel; 
https://signal.nfx.com/investors/fran-hauser; 
https://signal.nfx.com/investors/joe-kennedy; 
https://signal.nfx.com/investors/rafael-aldon; 
https://signal.nfx.com/investors/cheryl-cheng; 
https://signal.nfx.com/investors/walter-kortschak; 
https://signal.nfx.com/investors/linda-dannenberg; 
https://signal.nfx.com/investors/zaw-thet; 
https://signal.nfx.com/investors/jay-schmelter; 
https://signal.nfx.com/investors/ali-rosenthal; 
https://signal.nfx.com/investors/paolo-guida; 
https://signal.nfx.com/investors/matt-snow; 
https://signal.nfx.com/investors/shardul-shah; 
https://signal.nfx.com/investors/baris-aksoy; 
https://signal.nfx.com/investors/chris-dixon; 
https://signal.nfx.com/investors/maximilian-bade_1; 
https://signal.nfx.com/investors/shlomi-grandes; 
https://signal.nfx.com/investors/romain-lavault; 
https://signal.nfx.com/investors/rich-wong; 
https://signal.nfx.com/investors/javaughn-lawrence; 
https://signal.nfx.com/investors/yizhen-dong; 
https://signal.nfx.com/investors/kirill-tasilov; 
https://signal.nfx.com/investors/martin-nisenholtz; 
https://signal.nfx.com/investors/les-craig; 
https://signal.nfx.com/investors/ibrahim-alsuwaidi; 
https://signal.nfx.com/investors/eugene-wan; 
https://signal.nfx.com/investors/jm-patouillaud; 
https://signal.nfx.com/investors/nick-van-breda; 
https://signal.nfx.com/investors/sophie-lamparter; 
https://signal.nfx.com/investors/eric-paley; 
https://signal.nfx.com/investors/raz-mayshar; 
https://signal.nfx.com/investors/ronjon-nag; 
https://signal.nfx.com/investors/iman-abuzeid; 
https://signal.nfx.com/investors/haden-kirkpatrick; 
https://signal.nfx.com/investors/alka-gupta; 
https://signal.nfx.com/investors/karen-griffith-gryga; 
https://signal.nfx.com/investors/craig-donato; 
https://signal.nfx.com/investors/amanda-bradford; 
https://signal.nfx.com/investors/sameer-gandhi; 
https://signal.nfx.com/investors/daniel-cohen; 
https://signal.nfx.com/investors/seth-teicher; 
https://signal.nfx.com/investors/eric-pakravan; 
https://signal.nfx.com/investors/hemant-mohapatra; 
https://signal.nfx.com/investors/jeff-finkle; 
https://signal.nfx.com/investors/josh-elman; 
https://signal.nfx.com/investors/minn-kim; 
https://signal.nfx.com/investors/aihui-ong; 
https://signal.nfx.com/investors/vicki-politis; 
https://signal.nfx.com/investors/david-stark; 
https://signal.nfx.com/investors/anthony-citrano; 
https://signal.nfx.com/investors/sam-huleatt; 
https://signal.nfx.com/investors/rajesh-swaminathan; 
https://signal.nfx.com/investors/gustavo-souza; 
https://signal.nfx.com/investors/theresia-gouw; 
https://signal.nfx.com/investors/burak-cendek; 
https://signal.nfx.com/investors/lindsey-li; 
https://signal.nfx.com/investors/heather-hartnett_1; 
https://signal.nfx.com/investors/kobie-fuller_1; 
https://signal.nfx.com/investors/klaus-wang; 
https://signal.nfx.com/investors/robin-li; 
https://signal.nfx.com/investors/caleb-avery; 
https://signal.nfx.com/investors/nicky-kamra; 
https://signal.nfx.com/investors/janet-bell; 
https://signal.nfx.com/investors/evseenkov-oleg; 
https://signal.nfx.com/investors/brian-brackeen; 
https://signal.nfx.com/investors/bill-gurley; 
https://signal.nfx.com/investors/paul-maeder; 
https://signal.nfx.com/investors/jude-gomila; 
https://signal.nfx.com/investors/manny-fernandez; 
https://signal.nfx.com/investors/george-rzepecki; 
https://signal.nfx.com/investors/eric-king_2; 
https://signal.nfx.com/investors/ben-casnocha; 
https://signal.nfx.com/investors/mike-droesch; 
https://signal.nfx.com/investors/yuri-rabinovich; 
https://signal.nfx.com/investors/dominik-pasalic; 
https://signal.nfx.com/investors/aditya-singh; 
https://signal.nfx.com/investors/arun-mathew; 
https://signal.nfx.com/investors/jeremy-solomon; 
https://signal.nfx.com/investors/jesse-devitte; 
https://signal.nfx.com/investors/robert-sternberg; 
https://signal.nfx.com/investors/priyanka-somrah; 
https://signal.nfx.com/investors/esteban-sosnik; 
https://signal.nfx.com/investors/donna-svei; 
https://signal.nfx.com/investors/andrew-perlman; 
https://signal.nfx.com/investors/bryan-rosenblatt; 
https://signal.nfx.com/investors/bijan-sabet; 
https://signal.nfx.com/investors/yvette-lui; 
https://signal.nfx.com/investors/scott-roth; 
https://signal.nfx.com/investors/molly-fowler; 
https://signal.nfx.com/investors/max-levchin; 
https://signal.nfx.com/investors/par-jorgen-parson; 
https://signal.nfx.com/investors/tuck-lye-koh; 
https://signal.nfx.com/investors/mark-peterson; 
https://signal.nfx.com/investors/kirsten-green; 
https://signal.nfx.com/investors/josh-cho; 
https://signal.nfx.com/investors/lisa-wu; 
https://signal.nfx.com/investors/anna-zakharchenko; 
https://signal.nfx.com/investors/nancy-fechnay; 
https://signal.nfx.com/investors/eytan-elbaz; 
https://signal.nfx.com/investors/simon-gillett; 
https://signal.nfx.com/investors/topher-conway; 
https://signal.nfx.com/investors/mikal-khoso; 
https://signal.nfx.com/investors/jay-zaveri; 
https://signal.nfx.com/investors/matthew-garratt; 
https://signal.nfx.com/investors/craig-sherman; 
https://signal.nfx.com/investors/mike-swift; 
https://signal.nfx.com/investors/dave-mueller; 
https://signal.nfx.com/investors/alexander-lucey; 
https://signal.nfx.com/investors/vik-chadha; 
https://signal.nfx.com/investors/olivier-schuepbach; 
https://signal.nfx.com/investors/john-mannes; 
https://signal.nfx.com/investors/martin-babinec; 
https://signal.nfx.com/investors/kelby-price-google-drive; 
https://signal.nfx.com/investors/joe-hurd; 
https://signal.nfx.com/investors/francis-pollara; 
https://signal.nfx.com/investors/jake-kupperman_1; 
https://signal.nfx.com/investors/sara-t-brand; 
https://signal.nfx.com/investors/cliff-boro; 
https://signal.nfx.com/investors/tj-rylander; 
https://signal.nfx.com/investors/jason-portnoy; 
https://signal.nfx.com/investors/eric-migicovsky; 
https://signal.nfx.com/investors/phil-sanderson; 
https://signal.nfx.com/investors/david-s-rose; 
https://signal.nfx.com/investors/court-coursey; 
https://signal.nfx.com/investors/derek-rapp; 
https://signal.nfx.com/investors/sebastien-d-ursel; 
https://signal.nfx.com/investors/aaron-michel; 
https://signal.nfx.com/investors/vivek-saraswat; 
https://signal.nfx.com/investors/martin-giles; 
https://signal.nfx.com/investors/eliot-durbin; 
https://signal.nfx.com/investors/ali-behbahani; 
https://signal.nfx.com/investors/jackey-wang; 
https://signal.nfx.com/investors/vivek-ramaswami; 
https://signal.nfx.com/investors/rexhi-dollaku; 
https://signal.nfx.com/investors/marcin-zabielski; 
https://signal.nfx.com/investors/david-mawhinney; 
https://signal.nfx.com/investors/bill-trenchard; 
https://signal.nfx.com/investors/chris-calder; 
https://signal.nfx.com/investors/hans-thomas; 
https://signal.nfx.com/investors/paul-grossinger; 
https://signal.nfx.com/investors/douglas-crawford; 
https://signal.nfx.com/investors/sungjoon-cho; 
https://signal.nfx.com/investors/mike-brennan; 
https://signal.nfx.com/investors/annie-zhang; 
https://signal.nfx.com/investors/ascanio-guarini_1; 
https://signal.nfx.com/investors/noah-beck; 
https://signal.nfx.com/investors/gerald-pollak; 
https://signal.nfx.com/investors/jp-gan; 
https://signal.nfx.com/investors/bruno-faviero; 
https://signal.nfx.com/investors/sarah-cannon; 
https://signal.nfx.com/investors/federico-carrasco; 
https://signal.nfx.com/investors/fergus-dunn; 
https://signal.nfx.com/investors/vincent-diallo; 
https://signal.nfx.com/investors/shamin-walsh; 
https://signal.nfx.com/investors/len-lanzi; 
https://signal.nfx.com/investors/itai-hoffman; 
https://signal.nfx.com/investors/maxim-nazarov; 
https://signal.nfx.com/investors/rex-salisbury; 
https://signal.nfx.com/investors/norman-liang; 
https://signal.nfx.com/investors/samvit-jain; 
https://signal.nfx.com/investors/amy-errett; 
https://signal.nfx.com/investors/justine-moore; 
https://signal.nfx.com/investors/isaac-mashman; 
https://signal.nfx.com/investors/nikheel-kamble; 
https://signal.nfx.com/investors/sean-mahsoul; 
https://signal.nfx.com/investors/dillon-ferdinandi; 
https://signal.nfx.com/investors/noah-knauf; 
https://signal.nfx.com/investors/ludovic-ulrich_1; 
https://signal.nfx.com/investors/ryley-reynolds; 
https://signal.nfx.com/investors/nicholas-billotti; 
https://signal.nfx.com/investors/sarah-morgenstern; 
https://signal.nfx.com/investors/justin-burden; 
https://signal.nfx.com/investors/ainhoa-maiz; 
https://signal.nfx.com/investors/alexandra-cox-cuzzi; 
https://signal.nfx.com/investors/erez-elisha; 
https://signal.nfx.com/investors/chris-schultz; 
https://signal.nfx.com/investors/john-werner; 
https://signal.nfx.com/investors/rodolphe-menegaux; 
https://signal.nfx.com/investors/jason-cahill; 
https://signal.nfx.com/investors/maya-noeth; 
https://signal.nfx.com/investors/john-dean_1; 
https://signal.nfx.com/investors/nicholas-moran; 
https://signal.nfx.com/investors/aubrie-pagano; 
https://signal.nfx.com/investors/dave-munichiello; 
https://signal.nfx.com/investors/tim-draper; 
https://signal.nfx.com/investors/tarun-chitra; 
https://signal.nfx.com/investors/remo-mahler; 
https://signal.nfx.com/investors/erik-berg; 
https://signal.nfx.com/investors/joel-jean-mairet; 
https://signal.nfx.com/investors/michael-murphy_1; 
https://signal.nfx.com/investors/ariel-winton; 
https://signal.nfx.com/investors/michael-stoppelman; 
https://signal.nfx.com/investors/niall-mcsheffrey; 
https://signal.nfx.com/investors/deborah-conway; 
https://signal.nfx.com/investors/domenic-merenda; 
https://signal.nfx.com/investors/cristina-garmendia; 
https://signal.nfx.com/investors/andrew-king; 
https://signal.nfx.com/investors/nathan-lustig_1; 
https://signal.nfx.com/investors/tony-wang; 
https://signal.nfx.com/investors/tripp-jones; 
https://signal.nfx.com/investors/jennifer-wolf; 
https://signal.nfx.com/investors/hanel-baveja; 
https://signal.nfx.com/investors/jiong-ma; 
https://signal.nfx.com/investors/guy-blachman; 
https://signal.nfx.com/investors/joshua-kennedy-smith; 
https://signal.nfx.com/investors/tak-miyata; 
https://signal.nfx.com/investors/brian-hollins; 
https://signal.nfx.com/investors/john-braze; 
https://signal.nfx.com/investors/jeremy-conrad; 
https://signal.nfx.com/investors/scott-schwarzhoff; 
https://signal.nfx.com/investors/katie-hunt; 
https://signal.nfx.com/investors/jacob-colker; 
https://signal.nfx.com/investors/xiaoping-bob-xu; 
https://signal.nfx.com/investors/david-krane; 
https://signal.nfx.com/investors/paul-martino; 
https://signal.nfx.com/investors/lauren-kang; 
https://signal.nfx.com/investors/amir-fridman; 
https://signal.nfx.com/investors/lucas-fernandez; 
https://signal.nfx.com/investors/eileen-qian; 
https://signal.nfx.com/investors/hemant-taneja; 
https://signal.nfx.com/investors/joel-harris; 
https://signal.nfx.com/investors/bryan-lyandvert_1; 
https://signal.nfx.com/investors/excite-riverside; 
https://signal.nfx.com/investors/navin-chaddha; 
https://signal.nfx.com/investors/maarten-hooft; 
https://signal.nfx.com/investors/armando-badillo-smp; 
https://signal.nfx.com/investors/jon-auerbach; 
https://signal.nfx.com/investors/gal-peleg; 
https://signal.nfx.com/investors/justin-label; 
https://signal.nfx.com/investors/adrian-stone; 
https://signal.nfx.com/investors/amanda-herson; 
https://signal.nfx.com/investors/marvin-liao; 
https://signal.nfx.com/investors/hironori-maeda; 
https://signal.nfx.com/investors/david-jee; 
https://signal.nfx.com/investors/jason-rhodes; 
https://signal.nfx.com/investors/daniel-oros; 
https://signal.nfx.com/investors/chenoa-farnsworth; 
https://signal.nfx.com/investors/sudan-chakrabarti; 
https://signal.nfx.com/investors/huican-zhu; 
https://signal.nfx.com/investors/hung-pham; 
https://signal.nfx.com/investors/ben-tossell; 
https://signal.nfx.com/investors/dirk-ploss; 
https://signal.nfx.com/investors/kristin-mcdonald; 
https://signal.nfx.com/investors/vaughn-crowe; 
https://signal.nfx.com/investors/chris-moreno; 
https://signal.nfx.com/investors/brian-ru; 
https://signal.nfx.com/investors/allen-miller_1; 
https://signal.nfx.com/investors/aly-madhavji; 
https://signal.nfx.com/investors/priya-saiprasad; 
https://signal.nfx.com/investors/eric-zhou; 
https://signal.nfx.com/investors/jenny-rooke; 
https://signal.nfx.com/investors/evgeniy-zhukovets; 
https://signal.nfx.com/investors/soleio-cuervo; 
https://signal.nfx.com/investors/bryan-kim; 
https://signal.nfx.com/investors/paul-lee; 
https://signal.nfx.com/investors/drew-austin_1; 
https://signal.nfx.com/investors/steven-sarracino; 
https://signal.nfx.com/investors/ed-lam; 
https://signal.nfx.com/investors/erhan-bilici; 
https://signal.nfx.com/investors/ross-blankenship; 
https://signal.nfx.com/investors/peter-parker; 
https://signal.nfx.com/investors/fady-yacoub; 
https://signal.nfx.com/investors/court-westcott; 
https://signal.nfx.com/investors/mike-moloney; 
https://signal.nfx.com/investors/dan-fitzgerald_2; 
https://signal.nfx.com/investors/john-mckearn; 
https://signal.nfx.com/investors/john-masson; 
https://signal.nfx.com/investors/michael-amar; 
https://signal.nfx.com/investors/saira-gill; 
https://signal.nfx.com/investors/david-hehman; 
https://signal.nfx.com/investors/peter-barrett; 
https://signal.nfx.com/investors/greg-yap; 
https://signal.nfx.com/investors/nathan-montone; 
https://signal.nfx.com/investors/lylan-masterman; 
https://signal.nfx.com/investors/len-findlay; 
https://signal.nfx.com/investors/jon-goldman; 
https://signal.nfx.com/investors/brook-porter; 
https://signal.nfx.com/investors/marc-andreessen; 
https://signal.nfx.com/investors/gaurav-garg; 
https://signal.nfx.com/investors/trace-cohen; 
https://signal.nfx.com/investors/eze-vidra; 
https://signal.nfx.com/investors/drew-meyers; 
https://signal.nfx.com/investors/william-croisettier; 
https://signal.nfx.com/investors/jon-vlassopulos; 
https://signal.nfx.com/investors/anis-uzzaman; 
https://signal.nfx.com/investors/andre-charoo; 
https://signal.nfx.com/investors/laura-rowson; 
https://signal.nfx.com/investors/caroline-broder; 
https://signal.nfx.com/investors/jay-brown; 
https://signal.nfx.com/investors/matthew-volosin; 
https://signal.nfx.com/investors/larry-marcus; 
https://signal.nfx.com/investors/jamie-cohen; 
https://signal.nfx.com/investors/michael-mangini; 
https://signal.nfx.com/investors/david-sargeant; 
https://signal.nfx.com/investors/john-balen; 
https://signal.nfx.com/investors/joanne-yuan; 
https://signal.nfx.com/investors/james-murphy_1; 
https://signal.nfx.com/investors/vishal-harnal; 
https://signal.nfx.com/investors/melissa-frakman; 
https://signal.nfx.com/investors/eric-rosenblum_1; 
https://signal.nfx.com/investors/matt-lautz; 
https://signal.nfx.com/investors/camilla-kalvaria; 
https://signal.nfx.com/investors/ross-fubini; 
https://signal.nfx.com/investors/marc-yi; 
https://signal.nfx.com/investors/sriram-gollapalli; 
https://signal.nfx.com/investors/peter-fenton; 
https://signal.nfx.com/investors/frank-torti; 
https://signal.nfx.com/investors/yoann-berno; 
https://signal.nfx.com/investors/ben-zises; 
https://signal.nfx.com/investors/steve-martocci; 
https://signal.nfx.com/investors/kevin-zhang_4; 
https://signal.nfx.com/investors/bree-cahill; 
https://signal.nfx.com/investors/sundeep-peechu; 
https://signal.nfx.com/investors/homan-yuen; 
https://signal.nfx.com/investors/matt-macinnis; 
https://signal.nfx.com/investors/pietro-invernizzi; 
https://signal.nfx.com/investors/beth-seidenberg; 
https://signal.nfx.com/investors/tom-shields; 
https://signal.nfx.com/investors/charlie-pinto; 
https://signal.nfx.com/investors/ashley-mayer; 
https://signal.nfx.com/investors/scooter-braun; 
https://signal.nfx.com/investors/martin-mulvihill; 
https://signal.nfx.com/investors/ken-deeter; 
https://signal.nfx.com/investors/kimberly-tan; 
https://signal.nfx.com/investors/kunal-basu; 
https://signal.nfx.com/investors/didi-setiahadi; 
https://signal.nfx.com/investors/ragavan-s; 
https://signal.nfx.com/investors/konstantine-buhler; 
https://signal.nfx.com/investors/anika-ayyar; 
https://signal.nfx.com/investors/steven-lurie; 
https://signal.nfx.com/investors/eric-xu; 
https://signal.nfx.com/investors/andrew-cohen_1; 
https://signal.nfx.com/investors/alain-le-loux; 
https://signal.nfx.com/investors/megan-kelly; 
https://signal.nfx.com/investors/julie-leroy; 
https://signal.nfx.com/investors/alex-brufsky; 
https://signal.nfx.com/investors/shawn-merani; 
https://signal.nfx.com/investors/chris-kurdziel; 
https://signal.nfx.com/investors/anthony-palma; 
https://signal.nfx.com/investors/claire-fauquier; 
https://signal.nfx.com/investors/nirav-shah_1; 
https://signal.nfx.com/investors/errol-damelin; 
https://signal.nfx.com/investors/christopher-j-rust; 
https://signal.nfx.com/investors/carmen-palafox; 
https://signal.nfx.com/investors/austin-hwang_2; 
https://signal.nfx.com/investors/christine-tsai; 
https://signal.nfx.com/investors/anna-haghgooie; 
https://signal.nfx.com/investors/tasso-argyros; 
https://signal.nfx.com/investors/judd-morgenstern; 
https://signal.nfx.com/investors/martin-casado; 
https://signal.nfx.com/investors/jim-scheinman; 
https://signal.nfx.com/investors/craig-cummings; 
https://signal.nfx.com/investors/meka-asonye; 
https://signal.nfx.com/investors/kimmy-scotti; 
https://signal.nfx.com/investors/anlei-tang; 
https://signal.nfx.com/investors/miraj-sanghvi; 
https://signal.nfx.com/investors/nancy-hong; 
https://signal.nfx.com/investors/daniil-grizenkov; 
https://signal.nfx.com/investors/andy-kangpan; 
https://signal.nfx.com/investors/leo-chang; 
https://signal.nfx.com/investors/jake-zeller; 
https://signal.nfx.com/investors/mike-volpi; 
https://signal.nfx.com/investors/ben-lerer; 
https://signal.nfx.com/investors/jake-nunn; 
https://signal.nfx.com/investors/brian-smiga; 
https://signal.nfx.com/investors/alexander-kern; 
https://signal.nfx.com/investors/lisa-nelson; 
https://signal.nfx.com/investors/kevin-diestel; 
https://signal.nfx.com/investors/forest-baskett; 
https://signal.nfx.com/investors/john-cowgill; 
https://signal.nfx.com/investors/mike-kruzeniski; 
https://signal.nfx.com/investors/pedro-sorrentino; 
https://signal.nfx.com/investors/nicole-sanchez; 
https://signal.nfx.com/investors/jonathan-wasserstrum; 
https://signal.nfx.com/investors/omri-kohl; 
https://signal.nfx.com/investors/jesse-middleton; 
https://signal.nfx.com/investors/netalie-nadivi; 
https://signal.nfx.com/investors/aamir-virani; 
https://signal.nfx.com/investors/sam-englebardt; 
https://signal.nfx.com/investors/e-bora-uygun; 
https://signal.nfx.com/investors/eran-gilad_1; 
https://signal.nfx.com/investors/candice-brackeen; 
https://signal.nfx.com/investors/rob-hodgkinson; 
https://signal.nfx.com/investors/joseph-lubin; 
https://signal.nfx.com/investors/moo-natavudh; 
https://signal.nfx.com/investors/peter-bodenheimer; 
https://signal.nfx.com/investors/adrien-clavairoly; 
https://signal.nfx.com/investors/kiswana-browne; 
https://signal.nfx.com/investors/vijay-patel; 
https://signal.nfx.com/investors/kevin-jacques; 
https://signal.nfx.com/investors/avichal-garg; 
https://signal.nfx.com/investors/paul-bragiel; 
https://signal.nfx.com/investors/carine-magescas; 
https://signal.nfx.com/investors/dhanush-ram; 
https://signal.nfx.com/investors/malin-iulian-stefanescu; 
https://signal.nfx.com/investors/richard-ling; 
https://signal.nfx.com/investors/erin-keller; 
https://signal.nfx.com/investors/rina-onur; 
https://signal.nfx.com/investors/sanjay-patil; 
https://signal.nfx.com/investors/igor-ryabenkiy; 
https://signal.nfx.com/investors/pete-casella; 
https://signal.nfx.com/investors/arjan-schutte; 
https://signal.nfx.com/investors/chris-olsen; 
https://signal.nfx.com/investors/randall-crowder; 
https://signal.nfx.com/investors/kelly-perdew; 
https://signal.nfx.com/investors/reva-nohria; 
https://signal.nfx.com/investors/jackson-gates; 
https://signal.nfx.com/investors/vab-goel; 
https://signal.nfx.com/investors/han-jing; 
https://signal.nfx.com/investors/min-park; 
https://signal.nfx.com/investors/siqi-chen_1; 
https://signal.nfx.com/investors/alex-clayton; 
https://signal.nfx.com/investors/jackson-cummings; 
https://signal.nfx.com/investors/william-hapworth; 
https://signal.nfx.com/investors/brandon-farwell; 
https://signal.nfx.com/investors/jess-lee; 
https://signal.nfx.com/investors/avi-eyal; 
https://signal.nfx.com/investors/lindsey-gray; 
https://signal.nfx.com/investors/david-cremin; 
https://signal.nfx.com/investors/parker-barrile; 
https://signal.nfx.com/investors/jocelyn-goldfein; 
https://signal.nfx.com/investors/brent-shafer_1; 
https://signal.nfx.com/investors/marlon-nichols; 
https://signal.nfx.com/investors/rikhil-bajaj; 
https://signal.nfx.com/investors/anya-scheiss; 
https://signal.nfx.com/investors/eran-wagner; 
https://signal.nfx.com/investors/terrence-rohan; 
https://signal.nfx.com/investors/michael-cohn_1; 
https://signal.nfx.com/investors/prem-bodagala; 
https://signal.nfx.com/investors/matt-cheung; 
https://signal.nfx.com/investors/dave-leyrer; 
https://signal.nfx.com/investors/kevin-hartz; 
https://signal.nfx.com/investors/david-sonnek; 
https://signal.nfx.com/investors/jake-saper; 
https://signal.nfx.com/investors/kobi-nissan; 
https://signal.nfx.com/investors/eric-engelmann; 
https://signal.nfx.com/investors/rory-o-driscoll; 
https://signal.nfx.com/investors/jon-callaghan; 
https://signal.nfx.com/investors/james-barrett; 
https://signal.nfx.com/investors/jeff-baehr; 
https://signal.nfx.com/investors/roger-chen; 
https://signal.nfx.com/investors/jillian-williams; 
https://signal.nfx.com/investors/tirto-adji; 
https://signal.nfx.com/investors/nihal-mehta; 
https://signal.nfx.com/investors/rayfe-gaspar-asaoka; 
https://signal.nfx.com/investors/amrit-pal; 
https://signal.nfx.com/investors/peter-hsing; 
https://signal.nfx.com/investors/filipe-portugal; 
https://signal.nfx.com/investors/harsh-patel; 
https://signal.nfx.com/investors/nimrod-priell_1; 
https://signal.nfx.com/investors/garrett-goldberg; 
https://signal.nfx.com/investors/cain-mcclary; 
https://signal.nfx.com/investors/tara-stokes; 
https://signal.nfx.com/investors/jason-pontin; 
https://signal.nfx.com/investors/alex-immerman; 
https://signal.nfx.com/investors/sujay-jaswa; 
https://signal.nfx.com/investors/beatriz-infante; 
https://signal.nfx.com/investors/andrew-solimine; 
https://signal.nfx.com/investors/tristan-pollock; 
https://signal.nfx.com/investors/gary-vaynerchuk; 
https://signal.nfx.com/investors/elyse-krumholz; 
https://signal.nfx.com/investors/flavia-de-la-fuente; 
https://signal.nfx.com/investors/yang-tran; 
https://signal.nfx.com/investors/robert-downey-jr; 
https://signal.nfx.com/investors/alex-tong; 
https://signal.nfx.com/investors/david-feldman; 
https://signal.nfx.com/investors/alexander-lavin; 
https://signal.nfx.com/investors/woody-marshall; 
https://signal.nfx.com/investors/ryan-wang; 
https://signal.nfx.com/investors/jai-sajnani; 
https://signal.nfx.com/investors/adam-rothenberg; 
https://signal.nfx.com/investors/gavin-baker; 
https://signal.nfx.com/investors/robbie-robinson; 
https://signal.nfx.com/investors/brian-hatton; 
https://signal.nfx.com/investors/ramamurthy-sivakumar; 
https://signal.nfx.com/investors/byron-deeter; 
https://signal.nfx.com/investors/ramtin-naimi; 
https://signal.nfx.com/investors/matthew-goldstein; 
https://signal.nfx.com/investors/alex-purtell; 
https://signal.nfx.com/investors/jamie-goldstein; 
https://signal.nfx.com/investors/chris-scoggins; 
https://signal.nfx.com/investors/frederique-dame; 
https://signal.nfx.com/investors/jay-adelson; 
https://signal.nfx.com/investors/tom-dyal; 
https://signal.nfx.com/investors/skip-glass; 
https://signal.nfx.com/investors/steve-barham; 
https://signal.nfx.com/investors/carl-eschenbach; 
https://signal.nfx.com/investors/rogerio-gollo; 
https://signal.nfx.com/investors/ken-elefant; 
https://signal.nfx.com/investors/felda-hardymon; 
https://signal.nfx.com/investors/craig-shapiro; 
https://signal.nfx.com/investors/neda-amidi; 
https://signal.nfx.com/investors/steve-goldby; 
https://signal.nfx.com/investors/megha-bothera; 
https://signal.nfx.com/investors/andrew-chen; 
https://signal.nfx.com/investors/avlok-kohli; 
https://signal.nfx.com/investors/austin-arensberg_1; 
https://signal.nfx.com/investors/jose-maria-blanc; 
https://signal.nfx.com/investors/aaron-applbaum; 
https://signal.nfx.com/investors/doug-gilstrap; 
https://signal.nfx.com/investors/jana-messerschmidt; 
https://signal.nfx.com/investors/zavain-dar; 
https://signal.nfx.com/investors/michael-birch; 
https://signal.nfx.com/investors/deborah-m-mcgriff; 
https://signal.nfx.com/investors/blair-garrou; 
https://signal.nfx.com/investors/mayowa-olugbile; 
https://signal.nfx.com/investors/anderson-thees; 
https://signal.nfx.com/investors/tom-boyle; 
https://signal.nfx.com/investors/zal-bilimoria; 
https://signal.nfx.com/investors/aditi-maliwal; 
https://signal.nfx.com/investors/leo-polovets; 
https://signal.nfx.com/investors/stonly-baptiste; 
https://signal.nfx.com/investors/hyung-kim_1; 
https://signal.nfx.com/investors/ryan-swagar; 
https://signal.nfx.com/investors/chris-furmanski; 
https://signal.nfx.com/investors/adam-schuit; 
https://signal.nfx.com/investors/chris-corbishley; 
https://signal.nfx.com/investors/kyle-kling; 
https://signal.nfx.com/investors/shubhra-jain_1; 
https://signal.nfx.com/investors/stephen-trusheim; 
https://signal.nfx.com/investors/arad-naveh; 
https://signal.nfx.com/investors/brian-pitz; 
https://signal.nfx.com/investors/nikolay-kostov; 
